email,nombre_escultura,cant_estrellas
jocelyn24@example.org,Imponente Concepto,2
crivera@example.org,Abstraccion Monumento,4
michaellewis@example.com,Estilizada Piedra,5
jesse47@example.com,Enigmatica Silencio,3
martinmathews@example.net,Estilizada Sombra,1
irwinthomas@example.com,Serena Caracter,4
perkinsmaria@example.net,Espiritual Inspiracion,3
kristen24@example.com,Sofisticada Obra,4
crivera@example.org,Brillante Templo,1
oscar57@example.net,Trascendental Sueno,1
tyler43@example.org,Estilizada Inspiracion,3
christopherramirez@example.net,Enigmatica Tranquilidad,5
acrawford@example.org,Vanguardista Legado,2
kellyrangel@example.com,Radiante Obra,5
caitlynbarrera@example.org,Contemplativa Sueno,2
joannepatterson@example.org,Sofisticada Concepto,4
gvasquez@example.org,Resplandeciente Inspiracion,5
kristen24@example.com,Radiante Identidad,2
pamelathomas@example.com,Dinamica Forma,5
stephanieboyd@example.org,Trascendental Luz,5
tbarnes@example.com,Imponente Destello,4
fordariel@example.net,Armonica Silencio,5
qgregory@example.com,Visionaria Forma,2
snyderjacob@example.org,Monumental Esencia,3
fordariel@example.net,Estilizada Imaginacion,3
jamesross@example.org,Abstracta Obra,5
drobbins@example.org,Sublime Silencio,5
ashleybrown@example.org,Espiritual Trazos,2
stephenslee@example.net,Dinamica Forma,5
robert50@example.org,Contemplativa Sueno,1
crivera@example.org,Sofisticada Identidad,5
tbarnes@example.com,Serena Caracter,5
stevenmcneil@example.org,Monumental Sueno,1
beverlyevans@example.com,Monumental Esencia,4
stephanieboyd@example.org,Delicada Templo,2
tvargas@example.org,Abstraccion Forma,2
noah23@example.net,Contemplativa Profundidad,2
markfisher@example.com,Resplandeciente Identidad,3
acrawford@example.org,Resplandeciente Identidad,5
markfisher@example.com,Enigmatica Templo,3
brandonhowe@example.net,Elegante Movimiento,4
imartin@example.org,Sublime Trazos,1
irwinthomas@example.com,Monumental Sueno,3
heatherwright@example.com,Monumental Infinito,4
ilopez@example.com,Sublime Piedra,5
tvargas@example.org,Armonica Silencio,2
sarahscott@example.net,Impactante Monumento,2
robert50@example.org,Radiante Obra,3
peckvickie@example.org,Impactante Monumento,1
michael58@example.net,Estilizada Imaginacion,2
caitlynbarrera@example.org,Imponente Destello,4
owilliams@example.com,Abstraccion Monumento,1
julieturner@example.com,Dinamica Forma,3
wendymorton@example.com,Espiritual Inspiracion,1
heatherwright@example.com,Expresiva Realidad,1
perkinsmaria@example.net,Brillante Templo,4
ckelley@example.org,Estilizada Piedra,2
wellsrobin@example.net,Intrincada Tradicion,3
joannepatterson@example.org,Brillante Templo,5
morrisonvalerie@example.org,Sublime Caracter,3
christopherramirez@example.net,Serena Caracter,1
hullchristopher@example.org,Sofisticada Templo,5
ilopez@example.com,Dinamica Horizonte,5
michael10@example.net,Imponente Figura,5
christopherramirez@example.net,Sublime Piedra,4
acrawford@example.org,Armonica Templo,5
ahansen@example.org,Eterna Horizonte,2
michaellewis@example.com,Sublime Caracter,4
jeffrey96@example.net,Serena Caracter,2
christopherramirez@example.net,Abstraccion Monumento,2
alexis23@example.org,Radiante Identidad,5
drobbins@example.org,Contemplativa Profundidad,4
murphyjason@example.com,Visionaria Realidad,5
imartin@example.org,Elegante Movimiento,1
stran@example.org,Sublime Infinito,3
pamelathomas@example.com,Armonica Movimiento,4
martinmathews@example.net,Armonica Silencio,5
hfox@example.org,Sofisticada Infinito,2
greendavid@example.com,Imponente Concepto,5
ejohns@example.net,Enigmatica Silencio,1
beverlyevans@example.com,Brillante Materia,3
littlemichael@example.org,Vanguardista Figura,3
marcmiller@example.net,Espiritual Profundidad,3
jacobperez@example.org,Vanguardista Caracter,1
stevenmcneil@example.org,Sofisticada Identidad,2
ebishop@example.net,Clasica Monumento,3
wellsrobin@example.net,Imponente Reflejo,1
ebishop@example.net,Abstraccion Materia,5
ckelley@example.org,Espiritual Tradicion,2
micheletanner@example.org,Resplandeciente Identidad,1
gvasquez@example.org,Imponente Concepto,3
kathrynphillips@example.net,Impactante Materia,1
ejohns@example.net,Delicada Realidad,1
beverlyevans@example.com,Elegante Movimiento,2
rlawson@example.com,Monumental Esencia,2
rlawson@example.com,Impactante Monumento,1
ccampbell@example.org,Delicada Realidad,4
heatherwright@example.com,Imponente Profundidad,2
julieturner@example.com,Estilizada Concepto,2
robert50@example.org,Serena Forma,4
dmcdowell@example.com,Monumental Esencia,5
ubaker@example.net,Impactante Inspiracion,1
irwinthomas@example.com,Serena Esencia,2
clynn@example.org,Radiante Obra,4
imartin@example.org,Sublime Infinito,4
littlemichael@example.org,Contemplativa Sueno,4
ashleybrown@example.org,Eterna Infinito,1
franklinstephen@example.com,Espiritual Trazos,4
bryan25@example.net,Monumental Sueno,3
ubaker@example.net,Brillante Materia,5
jesse47@example.com,Visionaria Imaginacion,2
ckelley@example.org,Eterna Infinito,3
stevenmcneil@example.org,Radiante Obra,4
rlawson@example.com,Serena Caracter,1
jeffrey96@example.net,Sofisticada Templo,5
irwinthomas@example.com,Delicada Caracter,4
christopherramirez@example.net,Vanguardista Legado,1
michael10@example.net,Atemporal Sueno,5
imartin@example.org,Estilizada Imaginacion,3
perkinsmaria@example.net,Delicada Caracter,2
michaellewis@example.com,Dinamica Monumento,4
bryan25@example.net,Elegante Movimiento,4
dhansen@example.org,Sublime Silencio,4
gvasquez@example.org,Delicada Inspiracion,4
murphyjason@example.com,Serena Caracter,1
markfisher@example.com,Vanguardista Legado,2
gvasquez@example.org,Expresiva Sueno,4
ashleybrown@example.org,Delicada Realidad,4
ejohns@example.net,Contemplativa Profundidad,4
nguyensusan@example.net,Intrincada Esencia,2
sarahscott@example.net,Espiritual Trazos,4
sloanjoseph@example.net,Visionaria Imaginacion,3
murphyjason@example.com,Armonica Silencio,3
tvargas@example.org,Impactante Materia,3
tbarnes@example.com,Sofisticada Identidad,3
wellsrobin@example.net,Radiante Obra,4
sanderskelly@example.org,Elegante Movimiento,4
wendymorton@example.com,Impactante Materia,1
xjohnson@example.org,Visionaria Realidad,2
morganaguilar@example.com,Monumental Silencio,1
fordariel@example.net,Enigmatica Tranquilidad,3
sloanjoseph@example.net,Armonica Movimiento,1
stephanieboyd@example.org,Abstracta Obra,5
qgregory@example.com,Sublime Trazos,1
beverlyevans@example.com,Vanguardista Caracter,1
ahansen@example.org,Estilizada Sombra,1
kellyrangel@example.com,Dinamica Forma,5
dmcdowell@example.com,Abstraccion Forma,1
oscar57@example.net,Atemporal Destello,5
stevenmcneil@example.org,Brillante Materia,1
xjohnson@example.org,Naturalista Luz,3
perkinsmaria@example.net,Abstraccion Materia,1
dhansen@example.org,Estilizada Imaginacion,5
tbarnes@example.com,Enigmatica Obra,1
morrisonvalerie@example.org,Sofisticada Identidad,1
michael10@example.net,Trascendental Luz,4
tyler43@example.org,Imponente Forma,4
wellsrobin@example.net,Espiritual Trazos,3
wendymorton@example.com,Sublime Movimiento,5
ahansen@example.org,Radiante Obra,2
owilliams@example.com,Abstracta Perspectiva,4
joannepatterson@example.org,Visionaria Simetria,2
jocelyn24@example.org,Serena Forma,2
jamesross@example.org,Visionaria Simetria,2
tyler43@example.org,Monumental Piedra,2
stevenmcneil@example.org,Espiritual Tradicion,3
margaretcampbell@example.com,Vanguardista Figura,3
tyler43@example.org,Sofisticada Caracter,2
micheletanner@example.org,Imponente Legado,2
ilopez@example.com,Monumental Piedra,3
haileytorres@example.org,Eterna Infinito,1
stephen53@example.org,Sofisticada Sombra,4
sanderskelly@example.org,Estilizada Imaginacion,2
clynn@example.org,Enigmatica Silencio,4
kristen24@example.com,Contemplativa Sueno,2
sandy34@example.net,Sofisticada Obra,1
morrisonvalerie@example.org,Abstracta Perspectiva,1
acrawford@example.org,Monumental Silencio,1
jacobperez@example.org,Atemporal Destello,3
franklinstephen@example.com,Monumental Esencia,4
bryan25@example.net,Sofisticada Infinito,2
margaretcampbell@example.com,Abstraccion Monumento,5
caitlynbarrera@example.org,Expresiva Sueno,1
murphyjason@example.com,Resplandeciente Identidad,4
ashleybrown@example.org,Radiante Identidad,5
jacobperez@example.org,Abstraccion Forma,2
cameron51@example.com,Estilizada Imaginacion,4
chavezscott@example.net,Resplandeciente Identidad,1
alexis23@example.org,Serena Caracter,2
ccampbell@example.org,Vanguardista Figura,1
stephenslee@example.net,Sofisticada Sombra,1
owilliams@example.com,Sublime Piedra,4
ilopez@example.com,Impactante Monumento,4
margaretcampbell@example.com,Dinamica Monumento,1
bryan25@example.net,Abstraccion Sombra,3
ckelley@example.org,Sofisticada Templo,1
wendymorton@example.com,Abstracta Obra,4
ebishop@example.net,Armonica Movimiento,4
rlawson@example.com,Eterna Horizonte,5
caitlynbarrera@example.org,Mistica Trazos,5
acrawford@example.org,Espiritual Inspiracion,1
michaellewis@example.com,Sublime Movimiento,5
haileytorres@example.org,Enigmatica Templo,5
sloanjoseph@example.net,Espiritual Inspiracion,5
ywood@example.com,Enigmatica Obra,3
tvargas@example.org,Sofisticada Infinito,1
ubaker@example.net,Contemplativa Sueno,3
williamsmary@example.net,Estilizada Imaginacion,1
heatherwright@example.com,Estilizada Silencio,2
williamsmary@example.net,Trascendental Sueno,4
sanderskelly@example.org,Eterna Horizonte,1
bryan25@example.net,Estilizada Silencio,2
kathrynphillips@example.net,Clasica Monumento,1
heatherwright@example.com,Sofisticada Templo,4
ebishop@example.net,Brillante Materia,1
fordariel@example.net,Visionaria Imaginacion,5
ashleybrown@example.org,Enigmatica Silencio,2
michael10@example.net,Enigmatica Tranquilidad,1
russelllindsay@example.com,Armonica Silencio,1
markfisher@example.com,Sofisticada Sombra,3
joseph76@example.net,Imponente Profundidad,5
xcarter@example.net,Intrincada Esencia,2
martinezjames@example.com,Contemplativa Simetria,5
owilliams@example.com,Estilizada Inspiracion,1
peckvickie@example.org,Elegante Movimiento,3
tyler43@example.org,Imponente Legado,4
sestrada@example.net,Serena Esencia,4
joseph76@example.net,Estilizada Silencio,1
martinmathews@example.net,Impactante Materia,2
joseph76@example.net,Monumental Silencio,4
sanderskelly@example.org,Sofisticada Obra,1
fordariel@example.net,Sublime Silencio,2
kristen24@example.com,Contemplativa Identidad,1
pamelathomas@example.com,Enigmatica Obra,1
kathrynphillips@example.net,Eterna Horizonte,2
joseph76@example.net,Expresiva Realidad,1
hansonlaura@example.net,Majestuosa Esencia,4
margaretcampbell@example.com,Abstracta Obra,1
kathrynphillips@example.net,Sublime Silencio,4
kellyrangel@example.com,Imponente Destello,4
tbarnes@example.com,Estilizada Concepto,2
hannahjohnson@example.com,Contemplativa Simetria,3
drobbins@example.org,Delicada Reflejo,1
dhansen@example.org,Abstraccion Materia,3
alexis23@example.org,Sofisticada Caracter,4
murphyjason@example.com,Contemplativa Sueno,1
bryan25@example.net,Visionaria Forma,1
franklinstephen@example.com,Monumental Piedra,3
tannertammy@example.org,Delicada Realidad,3
prattkristin@example.com,Trascendental Materia,1
robert41@example.org,Estilizada Piedra,1
ywood@example.com,Vanguardista Figura,3
nguyensusan@example.net,Contemplativa Profundidad,4
fordariel@example.net,Vanguardista Figura,4
kathrynphillips@example.net,Vanguardista Legado,2
markfisher@example.com,Abstracta Perspectiva,1
sanderskelly@example.org,Serena Esencia,2
stephen53@example.org,Sofisticada Identidad,1
hullchristopher@example.org,Imponente Forma,3
pamelathomas@example.com,Imponente Profundidad,5
greendavid@example.com,Abstraccion Materia,1
michael58@example.net,Imponente Destello,3
beverlyevans@example.com,Expresiva Realidad,3
hansonlaura@example.net,Sofisticada Concepto,2
drobbins@example.org,Estilizada Concepto,1
tannertammy@example.org,Majestuosa Esencia,3
tmiller@example.org,Atemporal Sueno,1
stephenslee@example.net,Contemplativa Profundidad,4
ubaker@example.net,Imponente Legado,2
wellsrobin@example.net,Armonica Templo,5
wendymorton@example.com,Enigmatica Silencio,3
joannepatterson@example.org,Resplandeciente Inspiracion,2
dhansen@example.org,Visionaria Imaginacion,5
stephenslee@example.net,Imponente Destello,2
fordariel@example.net,Estilizada Sombra,3
prattkristin@example.com,Elegante Movimiento,2
ubaker@example.net,Delicada Caracter,4
jamesross@example.org,Atemporal Destello,1
michael10@example.net,Impactante Materia,1
haileytorres@example.org,Abstraccion Forma,3
perkinsmaria@example.net,Espiritual Trazos,3
dmcdowell@example.com,Abstracta Silencio,5
xcarter@example.net,Sofisticada Obra,1
xcarter@example.net,Abstraccion Monumento,5
tbarnes@example.com,Sublime Trazos,4
crivera@example.org,Serena Forma,1
kathrynphillips@example.net,Enigmatica Perspectiva,5
hannahjohnson@example.com,Atemporal Destello,3
pamelathomas@example.com,Eterna Infinito,5
ubaker@example.net,Enigmatica Perspectiva,5
gvasquez@example.org,Monumental Sueno,5
christopherramirez@example.net,Dinamica Monumento,4
ashleybrown@example.org,Naturalista Luz,2
oscar57@example.net,Enigmatica Perspectiva,1
crivera@example.org,Imponente Concepto,4
stephanieboyd@example.org,Dinamica Esencia,4
julieturner@example.com,Enigmatica Tranquilidad,4
martinmathews@example.net,Radiante Obra,1
christopherramirez@example.net,Trascendental Luz,3
morrisonvalerie@example.org,Enigmatica Silencio,5
murphyjason@example.com,Impactante Materia,5
drobbins@example.org,Visionaria Realidad,4
joannepatterson@example.org,Estilizada Sombra,3
hullchristopher@example.org,Radiante Obra,1
morganaguilar@example.com,Impactante Monumento,4
murphyjason@example.com,Expresiva Sueno,5
ejohns@example.net,Abstraccion Materia,4
jacobperez@example.org,Eterna Infinito,1
tbarnes@example.com,Monumental Infinito,4
beverlyevans@example.com,Contemplativa Sueno,2
kristen24@example.com,Visionaria Forma,4
allenjohn@example.net,Sofisticada Concepto,4
danny88@example.org,Sofisticada Caracter,1
sarahscott@example.net,Dinamica Esencia,5
ccampbell@example.org,Sofisticada Infinito,2
nguyensusan@example.net,Trascendental Luz,4
margaretcampbell@example.com,Estilizada Inspiracion,5
jesse47@example.com,Sublime Caracter,4
alexis23@example.org,Impactante Inspiracion,1
jessica04@example.net,Eterna Horizonte,1
jeffrey96@example.net,Contemplativa Profundidad,1
margaretcampbell@example.com,Visionaria Imaginacion,4
ubaker@example.net,Delicada Templo,3
allenjohn@example.net,Naturalista Luz,1
ahansen@example.org,Enigmatica Templo,5
stephen53@example.org,Delicada Reflejo,5
sloanjoseph@example.net,Sublime Caracter,1
brandonhowe@example.net,Resplandeciente Identidad,3
margaretcampbell@example.com,Brillante Materia,5
joannepatterson@example.org,Imponente Concepto,4
marcmiller@example.net,Abstraccion Forma,2
beverlyevans@example.com,Resplandeciente Inspiracion,1
irwinthomas@example.com,Sublime Movimiento,3
sandy34@example.net,Imponente Profundidad,3
brandonhowe@example.net,Enigmatica Tranquilidad,3
christopherfranklin@example.net,Vanguardista Caracter,5
stephenslee@example.net,Sofisticada Identidad,2
allenjohn@example.net,Imponente Destello,3
kathrynphillips@example.net,Trascendental Materia,2
lisa90@example.net,Serena Esencia,1
stephenslee@example.net,Espiritual Inspiracion,2
danny88@example.org,Contemplativa Simetria,4
morrisonvalerie@example.org,Espiritual Inspiracion,2
haileytorres@example.org,Brillante Templo,2
martinmathews@example.net,Espiritual Inspiracion,5
jessica04@example.net,Imponente Legado,2
stran@example.org,Vanguardista Legado,3
sanderskelly@example.org,Enigmatica Templo,2
margaretcampbell@example.com,Serena Esencia,2
christopherramirez@example.net,Sofisticada Concepto,2
imartin@example.org,Abstracta Obra,4
ccampbell@example.org,Imponente Forma,4
micheletanner@example.org,Vanguardista Legado,2
michael58@example.net,Expresiva Sueno,5
perkinsmaria@example.net,Sublime Piedra,5
michael10@example.net,Radiante Identidad,5
tbarnes@example.com,Sublime Caracter,3
acrawford@example.org,Contemplativa Profundidad,5
nguyensusan@example.net,Trascendental Sueno,1
margaretcampbell@example.com,Radiante Identidad,2
stevenmcneil@example.org,Impactante Materia,2
markfisher@example.com,Contemplativa Sueno,4
xjohnson@example.org,Clasica Monumento,2
rlawson@example.com,Espiritual Tradicion,4
peckvickie@example.org,Imponente Forma,3
littlemichael@example.org,Visionaria Simetria,1
micheletanner@example.org,Delicada Reflejo,4
hfox@example.org,Monumental Piedra,1
sandy34@example.net,Imponente Forma,4
ilopez@example.com,Espiritual Tradicion,3
drobbins@example.org,Mistica Trazos,5
ashleybrown@example.org,Estilizada Esencia,4
christopherramirez@example.net,Estilizada Esencia,3
kellyrangel@example.com,Visionaria Realidad,1
ashleybrown@example.org,Estilizada Concepto,5
christopherfranklin@example.net,Delicada Reflejo,1
joseph76@example.net,Contemplativa Sueno,5
franklinstephen@example.com,Visionaria Realidad,2
sanderskelly@example.org,Enigmatica Silencio,3
noah23@example.net,Trascendental Materia,5
lindsayscott@example.com,Monumental Infinito,3
tmiller@example.org,Sofisticada Templo,4
greendavid@example.com,Estilizada Concepto,1
wellsrobin@example.net,Abstracta Perspectiva,2
beverlyevans@example.com,Intrincada Esencia,3
hannahjohnson@example.com,Sublime Caracter,5
sanderskelly@example.org,Espiritual Inspiracion,4
christopherramirez@example.net,Imponente Concepto,2
sanderskelly@example.org,Imponente Reflejo,3
stran@example.org,Abstracta Silencio,5
prattkristin@example.com,Espiritual Tradicion,1
franklinstephen@example.com,Espiritual Profundidad,1
hfox@example.org,Delicada Caracter,3
tyler43@example.org,Contemplativa Profundidad,2
joannepatterson@example.org,Naturalista Luz,5
morrisonvalerie@example.org,Brillante Templo,3
clynn@example.org,Sofisticada Concepto,2
julieturner@example.com,Monumental Sueno,1
jocelyn24@example.org,Monumental Silencio,5
ckelley@example.org,Imponente Profundidad,3
jamesross@example.org,Resplandeciente Identidad,5
stephenslee@example.net,Espiritual Tradicion,2
robert41@example.org,Estilizada Esencia,2
tyler43@example.org,Vanguardista Caracter,3
prattkristin@example.com,Enigmatica Perspectiva,1
dmcdowell@example.com,Contemplativa Identidad,4
ashleybrown@example.org,Enigmatica Obra,4
nguyensusan@example.net,Majestuosa Esencia,5
acrawford@example.org,Abstracta Obra,2
dhansen@example.org,Enigmatica Perspectiva,2
fordariel@example.net,Mistica Trazos,5
beverlyevans@example.com,Visionaria Imaginacion,2
rlawson@example.com,Enigmatica Silencio,1
hannahjohnson@example.com,Sublime Piedra,5
morrisonvalerie@example.org,Estilizada Piedra,2
michael10@example.net,Dinamica Esencia,1
russelllindsay@example.com,Delicada Templo,1
christopherramirez@example.net,Enigmatica Perspectiva,5
sloanjoseph@example.net,Eterna Infinito,5
micheletanner@example.org,Estilizada Esencia,4
stephenslee@example.net,Imponente Reflejo,5
marcmiller@example.net,Enigmatica Silencio,4
ejohns@example.net,Sofisticada Sombra,4
russelllindsay@example.com,Armonica Movimiento,1
gvasquez@example.org,Trascendental Luz,3
gvasquez@example.org,Estilizada Piedra,4
robert41@example.org,Expresiva Realidad,5
cameron51@example.com,Abstracta Perspectiva,4
christopherramirez@example.net,Impactante Materia,1
caitlynbarrera@example.org,Sublime Caracter,5
jocelyn24@example.org,Sofisticada Caracter,1
tannertammy@example.org,Delicada Templo,1
christopherfranklin@example.net,Imponente Profundidad,1
crivera@example.org,Majestuosa Esencia,5
tyler43@example.org,Imponente Reflejo,3
fordariel@example.net,Serena Forma,1
sestrada@example.net,Visionaria Imaginacion,2
murphyjason@example.com,Contemplativa Identidad,2
crivera@example.org,Impactante Inspiracion,1
stephenslee@example.net,Impactante Inspiracion,3
julieturner@example.com,Visionaria Imaginacion,1
dhansen@example.org,Expresiva Sueno,4
hullchristopher@example.org,Monumental Silencio,3
clynn@example.org,Abstraccion Monumento,1
jessica04@example.net,Serena Esencia,5
lisa90@example.net,Impactante Materia,4
caitlynbarrera@example.org,Trascendental Sueno,5
christopherramirez@example.net,Armonica Movimiento,4
morrisonvalerie@example.org,Contemplativa Profundidad,4
bryan25@example.net,Serena Caracter,4
wendymorton@example.com,Expresiva Realidad,3
sestrada@example.net,Monumental Esencia,5
ahansen@example.org,Imponente Figura,3
ashleybrown@example.org,Resplandeciente Inspiracion,4
christopherfranklin@example.net,Estilizada Imaginacion,5
wendymorton@example.com,Armonica Silencio,2
ahansen@example.org,Armonica Movimiento,5
tvargas@example.org,Sofisticada Templo,3
joannepatterson@example.org,Trascendental Sueno,4
markfisher@example.com,Vanguardista Caracter,3
dmcdowell@example.com,Vanguardista Caracter,3
lindsayscott@example.com,Sublime Caracter,5
ubaker@example.net,Clasica Monumento,5
tbarnes@example.com,Resplandeciente Identidad,4
haileytorres@example.org,Contemplativa Profundidad,1
jessica04@example.net,Vanguardista Caracter,2
acrawford@example.org,Naturalista Luz,3
robert41@example.org,Armonica Templo,3
jocelyn24@example.org,Naturalista Luz,2
stephen53@example.org,Serena Caracter,4
clynn@example.org,Imponente Figura,4
robert41@example.org,Eterna Horizonte,5
chavezscott@example.net,Abstracta Perspectiva,4
morrisonvalerie@example.org,Dinamica Destello,2
irwinthomas@example.com,Clasica Monumento,2
crivera@example.org,Monumental Piedra,2
julieturner@example.com,Visionaria Realidad,5
ejohns@example.net,Delicada Inspiracion,4
michael58@example.net,Vanguardista Legado,1
hannahjohnson@example.com,Naturalista Luz,5
snyderjacob@example.org,Enigmatica Silencio,2
christopherramirez@example.net,Delicada Caracter,2
sandy34@example.net,Contemplativa Sueno,1
robert50@example.org,Dinamica Monumento,1
snyderjacob@example.org,Sublime Infinito,3
jeffrey96@example.net,Monumental Silencio,4
noah23@example.net,Clasica Monumento,2
russelllindsay@example.com,Enigmatica Templo,4
peckvickie@example.org,Monumental Silencio,3
tannertammy@example.org,Imponente Profundidad,1
ahansen@example.org,Imponente Concepto,3
christopherfranklin@example.net,Naturalista Luz,5
owilliams@example.com,Enigmatica Obra,4
ywood@example.com,Delicada Reflejo,2
ywood@example.com,Eterna Infinito,4
kristen24@example.com,Abstraccion Forma,2
beverlyevans@example.com,Armonica Movimiento,5
perkinsmaria@example.net,Sofisticada Concepto,3
chavezscott@example.net,Contemplativa Identidad,5
stephen53@example.org,Impactante Monumento,5
stephen53@example.org,Espiritual Trazos,2
stran@example.org,Monumental Infinito,1
jacobperez@example.org,Imponente Reflejo,2
tvargas@example.org,Enigmatica Perspectiva,5
sanderskelly@example.org,Espiritual Profundidad,3
sanderskelly@example.org,Sublime Trazos,1
marcmiller@example.net,Imponente Profundidad,5
hansonlaura@example.net,Imponente Legado,2
ebishop@example.net,Abstraccion Monumento,5
tyler43@example.org,Sublime Caracter,1
gvasquez@example.org,Vanguardista Figura,2
sestrada@example.net,Estilizada Inspiracion,1
heatherwright@example.com,Radiante Identidad,1
ejohns@example.net,Dinamica Horizonte,2
markfisher@example.com,Monumental Infinito,3
peckvickie@example.org,Sublime Infinito,1
margaretcampbell@example.com,Sofisticada Obra,2
jocelyn24@example.org,Intrincada Tradicion,1
rlawson@example.com,Majestuosa Esencia,3
ckelley@example.org,Intrincada Tradicion,4
marcmiller@example.net,Delicada Reflejo,2
haileytorres@example.org,Imponente Forma,3
sloanjoseph@example.net,Contemplativa Identidad,2
ahansen@example.org,Armonica Templo,2
acrawford@example.org,Impactante Monumento,3
margaretcampbell@example.com,Contemplativa Profundidad,5
tmiller@example.org,Impactante Inspiracion,1
michael10@example.net,Sublime Caracter,2
snyderjacob@example.org,Dinamica Esencia,1
irwinthomas@example.com,Imponente Figura,5
caitlynbarrera@example.org,Vanguardista Caracter,4
christopherfranklin@example.net,Impactante Monumento,2
margaretcampbell@example.com,Vanguardista Caracter,4
robert50@example.org,Espiritual Inspiracion,5
nguyensusan@example.net,Estilizada Imaginacion,4
stephen53@example.org,Delicada Realidad,1
steven36@example.com,Imponente Forma,1
drobbins@example.org,Dinamica Esencia,5
jeffrey96@example.net,Dinamica Horizonte,2
ckelley@example.org,Visionaria Simetria,4
kathrynphillips@example.net,Abstracta Obra,5
stevenmcneil@example.org,Imponente Figura,2
jeffrey96@example.net,Impactante Inspiracion,2
allenjohn@example.net,Sofisticada Identidad,4
robert50@example.org,Vanguardista Figura,5
irwinthomas@example.com,Brillante Materia,1
ywood@example.com,Impactante Materia,5
crivera@example.org,Delicada Caracter,2
crivera@example.org,Impactante Monumento,2
julieturner@example.com,Imponente Figura,1
dmcdowell@example.com,Atemporal Sueno,3
cameron51@example.com,Vanguardista Caracter,4
steven36@example.com,Abstraccion Sombra,4
marcmiller@example.net,Sublime Silencio,3
chavezscott@example.net,Delicada Templo,4
bryan25@example.net,Sublime Movimiento,4
drobbins@example.org,Sublime Caracter,5
qgregory@example.com,Radiante Obra,1
russelllindsay@example.com,Intrincada Tradicion,4
oscar57@example.net,Sublime Caracter,1
stephenslee@example.net,Intrincada Esencia,4
michael10@example.net,Sublime Silencio,2
qgregory@example.com,Imponente Legado,1
chavezscott@example.net,Imponente Concepto,4
owilliams@example.com,Dinamica Monumento,1
martinmathews@example.net,Contemplativa Simetria,4
sestrada@example.net,Delicada Inspiracion,5
williamsmary@example.net,Estilizada Inspiracion,2
caitlynbarrera@example.org,Vanguardista Figura,2
ccampbell@example.org,Imponente Destello,5
ebishop@example.net,Eterna Infinito,4
sestrada@example.net,Imponente Reflejo,2
haileytorres@example.org,Armonica Movimiento,3
sandy34@example.net,Monumental Piedra,5
christopherfranklin@example.net,Sofisticada Infinito,1
julieturner@example.com,Dinamica Horizonte,1
hfox@example.org,Enigmatica Templo,2
clynn@example.org,Delicada Templo,1
jeffrey96@example.net,Armonica Templo,5
robert41@example.org,Imponente Forma,5
jeffrey96@example.net,Estilizada Esencia,1
tvargas@example.org,Espiritual Profundidad,5
caitlynbarrera@example.org,Naturalista Luz,3
martinmathews@example.net,Trascendental Luz,3
ccampbell@example.org,Atemporal Sueno,1
oscar57@example.net,Visionaria Realidad,2
ilopez@example.com,Enigmatica Perspectiva,1
christopherramirez@example.net,Estilizada Imaginacion,2
ywood@example.com,Abstracta Perspectiva,1
jamesross@example.org,Sofisticada Infinito,4
lindsayscott@example.com,Intrincada Esencia,2
ahansen@example.org,Sublime Piedra,3
christopherfranklin@example.net,Sublime Piedra,5
christopherfranklin@example.net,Intrincada Esencia,3
owilliams@example.com,Estilizada Concepto,1
allenjohn@example.net,Armonica Movimiento,2
qgregory@example.com,Dinamica Esencia,5
sandy34@example.net,Trascendental Luz,2
ebishop@example.net,Expresiva Realidad,5
franklinstephen@example.com,Expresiva Sueno,5
joseph76@example.net,Imponente Figura,5
ebishop@example.net,Impactante Monumento,5
christopherfranklin@example.net,Resplandeciente Inspiracion,3
morrisonvalerie@example.org,Visionaria Realidad,2
chavezscott@example.net,Abstraccion Sombra,1
fordariel@example.net,Monumental Sueno,4
hansonlaura@example.net,Delicada Caracter,2
ejohns@example.net,Impactante Materia,3
ubaker@example.net,Imponente Destello,4
wendymorton@example.com,Abstraccion Materia,1
snyderjacob@example.org,Sublime Caracter,2
ckelley@example.org,Sofisticada Identidad,4
tmiller@example.org,Enigmatica Tranquilidad,5
russelllindsay@example.com,Elegante Movimiento,4
stran@example.org,Abstraccion Monumento,1
hannahjohnson@example.com,Abstraccion Monumento,4
irwinthomas@example.com,Sofisticada Templo,3
micheletanner@example.org,Trascendental Sueno,3
acrawford@example.org,Abstracta Silencio,3
ashleybrown@example.org,Visionaria Simetria,4
martinezjames@example.com,Sublime Caracter,3
sestrada@example.net,Brillante Templo,5
sestrada@example.net,Visionaria Forma,5
greendavid@example.com,Sofisticada Concepto,3
martinezjames@example.com,Monumental Silencio,4
tbarnes@example.com,Dinamica Monumento,2
stephanieboyd@example.org,Imponente Legado,5
hullchristopher@example.org,Eterna Horizonte,5
tannertammy@example.org,Dinamica Esencia,5
robert41@example.org,Imponente Legado,3
hannahjohnson@example.com,Monumental Sueno,3
margaretcampbell@example.com,Delicada Templo,3
michael58@example.net,Trascendental Luz,3
steven36@example.com,Abstracta Obra,4
jesse47@example.com,Sublime Silencio,4
stephenslee@example.net,Visionaria Imaginacion,5
robert50@example.org,Mistica Trazos,2
dhansen@example.org,Sofisticada Identidad,5
tmiller@example.org,Estilizada Esencia,5
hfox@example.org,Imponente Concepto,3
clynn@example.org,Sublime Silencio,2
stran@example.org,Estilizada Imaginacion,4
joseph76@example.net,Enigmatica Obra,5
peckvickie@example.org,Sofisticada Templo,4
margaretcampbell@example.com,Delicada Inspiracion,4
heatherwright@example.com,Enigmatica Silencio,1
lindsayscott@example.com,Enigmatica Silencio,2
morrisonvalerie@example.org,Delicada Realidad,2
sarahscott@example.net,Sublime Infinito,1
ccampbell@example.org,Sublime Caracter,4
chavezscott@example.net,Delicada Caracter,4
julieturner@example.com,Impactante Materia,5
julieturner@example.com,Estilizada Piedra,3
peckvickie@example.org,Enigmatica Tranquilidad,5
xcarter@example.net,Impactante Inspiracion,4
heatherwright@example.com,Dinamica Esencia,1
morganaguilar@example.com,Resplandeciente Identidad,3
micheletanner@example.org,Contemplativa Identidad,4
ubaker@example.net,Sofisticada Caracter,2
ywood@example.com,Estilizada Concepto,5
hansonlaura@example.net,Trascendental Materia,3
wellsrobin@example.net,Eterna Infinito,3
hullchristopher@example.org,Sublime Movimiento,5
haileytorres@example.org,Imponente Profundidad,4
drobbins@example.org,Abstracta Silencio,5
wendymorton@example.com,Sublime Caracter,1
wendymorton@example.com,Contemplativa Profundidad,4
joseph76@example.net,Elegante Movimiento,5
tbarnes@example.com,Monumental Esencia,1
michael10@example.net,Trascendental Sueno,5
joseph76@example.net,Visionaria Realidad,5
ywood@example.com,Estilizada Sombra,2
jamesross@example.org,Sublime Caracter,5
noah23@example.net,Estilizada Inspiracion,4
franklinstephen@example.com,Expresiva Realidad,1
jesse47@example.com,Sofisticada Infinito,5
xjohnson@example.org,Estilizada Silencio,5
stran@example.org,Abstraccion Sombra,2
bryan25@example.net,Atemporal Destello,1
perkinsmaria@example.net,Delicada Templo,3
christopherramirez@example.net,Contemplativa Profundidad,2
stephen53@example.org,Sublime Infinito,2
clynn@example.org,Delicada Reflejo,1
marcmiller@example.net,Imponente Destello,5
ebishop@example.net,Dinamica Monumento,1
xjohnson@example.org,Abstracta Silencio,2
russelllindsay@example.com,Abstraccion Monumento,1
michael10@example.net,Contemplativa Profundidad,4
joannepatterson@example.org,Armonica Silencio,5
wendymorton@example.com,Estilizada Imaginacion,3
chavezscott@example.net,Sofisticada Caracter,4
jacobperez@example.org,Abstracta Perspectiva,1
prattkristin@example.com,Delicada Caracter,1
lisa90@example.net,Delicada Inspiracion,3
tmiller@example.org,Contemplativa Sueno,2
sarahscott@example.net,Imponente Figura,5
brandonhowe@example.net,Estilizada Esencia,2
martinezjames@example.com,Imponente Destello,1
pamelathomas@example.com,Imponente Reflejo,1
hannahjohnson@example.com,Sofisticada Caracter,4
nguyensusan@example.net,Enigmatica Silencio,3
dhansen@example.org,Intrincada Esencia,3
margaretcampbell@example.com,Radiante Obra,3
franklinstephen@example.com,Abstraccion Monumento,3
noah23@example.net,Vanguardista Legado,1
heatherwright@example.com,Elegante Movimiento,3
clynn@example.org,Sofisticada Infinito,1
littlemichael@example.org,Visionaria Imaginacion,2
tannertammy@example.org,Espiritual Inspiracion,2
stephen53@example.org,Abstraccion Materia,1
murphyjason@example.com,Delicada Realidad,5
ebishop@example.net,Abstracta Silencio,2
stran@example.org,Serena Esencia,3
markfisher@example.com,Imponente Forma,4
sandy34@example.net,Contemplativa Profundidad,4
lisa90@example.net,Espiritual Inspiracion,5
wendymorton@example.com,Intrincada Tradicion,4
stran@example.org,Armonica Movimiento,4
hfox@example.org,Radiante Identidad,5
heatherwright@example.com,Contemplativa Profundidad,3
ejohns@example.net,Abstraccion Forma,5
jessica04@example.net,Delicada Realidad,4
michaellewis@example.com,Estilizada Inspiracion,3
wellsrobin@example.net,Sofisticada Sombra,3
perkinsmaria@example.net,Monumental Infinito,5
acrawford@example.org,Serena Esencia,5
snyderjacob@example.org,Enigmatica Obra,1
xcarter@example.net,Intrincada Tradicion,4
christopherramirez@example.net,Clasica Monumento,5
alexis23@example.org,Estilizada Sombra,4
fordariel@example.net,Abstraccion Materia,4
snyderjacob@example.org,Espiritual Trazos,2
russelllindsay@example.com,Vanguardista Legado,3
brandonhowe@example.net,Contemplativa Identidad,2
ubaker@example.net,Armonica Silencio,1
kristen24@example.com,Brillante Templo,3
ywood@example.com,Sofisticada Infinito,3
heatherwright@example.com,Estilizada Esencia,5
qgregory@example.com,Expresiva Sueno,4
imartin@example.org,Enigmatica Perspectiva,2
jeffrey96@example.net,Sofisticada Identidad,2
sloanjoseph@example.net,Atemporal Destello,1
stephenslee@example.net,Sublime Movimiento,3
ubaker@example.net,Imponente Concepto,2
bryan25@example.net,Contemplativa Profundidad,2
heatherwright@example.com,Delicada Realidad,2
clynn@example.org,Enigmatica Obra,2
stran@example.org,Serena Forma,3
morganaguilar@example.com,Sublime Movimiento,3
dmcdowell@example.com,Espiritual Trazos,4
imartin@example.org,Monumental Piedra,2
ccampbell@example.org,Dinamica Forma,1
xcarter@example.net,Sofisticada Caracter,1
bryan25@example.net,Armonica Silencio,4
lindsayscott@example.com,Monumental Sueno,5
noah23@example.net,Eterna Infinito,2
nguyensusan@example.net,Expresiva Realidad,3
christopherfranklin@example.net,Contemplativa Simetria,3
haileytorres@example.org,Sublime Trazos,3
hfox@example.org,Resplandeciente Inspiracion,3
tmiller@example.org,Abstracta Obra,1
acrawford@example.org,Majestuosa Esencia,2
pamelathomas@example.com,Abstraccion Forma,5
wellsrobin@example.net,Contemplativa Identidad,2
sestrada@example.net,Imponente Profundidad,1
dmcdowell@example.com,Armonica Templo,2
kristen24@example.com,Imponente Figura,2
hullchristopher@example.org,Sofisticada Caracter,3
ejohns@example.net,Impactante Inspiracion,4
pamelathomas@example.com,Resplandeciente Inspiracion,3
ashleybrown@example.org,Sublime Movimiento,2
stran@example.org,Eterna Horizonte,5
jocelyn24@example.org,Enigmatica Tranquilidad,1
micheletanner@example.org,Trascendental Materia,2
martinmathews@example.net,Sublime Caracter,2
marcmiller@example.net,Expresiva Sueno,2
stephenslee@example.net,Abstracta Obra,3
owilliams@example.com,Trascendental Sueno,4
brandonhowe@example.net,Trascendental Luz,1
heatherwright@example.com,Eterna Infinito,5
alexis23@example.org,Enigmatica Obra,4
haileytorres@example.org,Visionaria Realidad,4
jamesross@example.org,Intrincada Tradicion,2
jessica04@example.net,Trascendental Sueno,4
hansonlaura@example.net,Espiritual Inspiracion,2
lindsayscott@example.com,Sofisticada Concepto,4
xcarter@example.net,Delicada Realidad,5
sanderskelly@example.org,Impactante Inspiracion,5
franklinstephen@example.com,Intrincada Tradicion,1
snyderjacob@example.org,Eterna Horizonte,4
ebishop@example.net,Sofisticada Sombra,4
qgregory@example.com,Vanguardista Figura,4
sloanjoseph@example.net,Estilizada Imaginacion,5
russelllindsay@example.com,Abstracta Perspectiva,2
heatherwright@example.com,Trascendental Materia,3
michael10@example.net,Impactante Monumento,4
martinezjames@example.com,Brillante Templo,2
stephenslee@example.net,Enigmatica Templo,2
martinezjames@example.com,Enigmatica Obra,2
ahansen@example.org,Enigmatica Perspectiva,5
jocelyn24@example.org,Serena Caracter,5
xjohnson@example.org,Sublime Piedra,4
tannertammy@example.org,Estilizada Piedra,5
russelllindsay@example.com,Enigmatica Perspectiva,2
danny88@example.org,Delicada Inspiracion,3
kellyrangel@example.com,Enigmatica Templo,1
perkinsmaria@example.net,Clasica Monumento,2
sestrada@example.net,Atemporal Sueno,5
tvargas@example.org,Brillante Materia,1
sestrada@example.net,Imponente Legado,3
ebishop@example.net,Majestuosa Esencia,5
micheletanner@example.org,Mistica Trazos,4
hullchristopher@example.org,Estilizada Esencia,5
fordariel@example.net,Enigmatica Perspectiva,3
nguyensusan@example.net,Estilizada Inspiracion,5
sarahscott@example.net,Imponente Concepto,3
dmcdowell@example.com,Estilizada Concepto,3
alexis23@example.org,Armonica Templo,3
alexis23@example.org,Espiritual Profundidad,1
tyler43@example.org,Enigmatica Silencio,5
margaretcampbell@example.com,Delicada Reflejo,2
sarahscott@example.net,Mistica Trazos,2
kellyrangel@example.com,Sublime Silencio,1
brandonhowe@example.net,Expresiva Sueno,2
ejohns@example.net,Estilizada Esencia,4
jesse47@example.com,Estilizada Esencia,5
julieturner@example.com,Espiritual Trazos,1
hullchristopher@example.org,Resplandeciente Identidad,5
hannahjohnson@example.com,Abstracta Perspectiva,2
franklinstephen@example.com,Clasica Monumento,4
wellsrobin@example.net,Espiritual Tradicion,3
hannahjohnson@example.com,Trascendental Materia,5
tannertammy@example.org,Armonica Movimiento,4
nguyensusan@example.net,Monumental Esencia,1
michael10@example.net,Intrincada Esencia,3
wendymorton@example.com,Sofisticada Sombra,1
xjohnson@example.org,Imponente Destello,4
michael58@example.net,Imponente Profundidad,1
wellsrobin@example.net,Enigmatica Perspectiva,1
perkinsmaria@example.net,Estilizada Sombra,3
tbarnes@example.com,Sofisticada Sombra,1
robert50@example.org,Contemplativa Simetria,1
jessica04@example.net,Estilizada Imaginacion,5
jacobperez@example.org,Impactante Materia,1
sarahscott@example.net,Sofisticada Identidad,1
christopherramirez@example.net,Brillante Materia,5
acrawford@example.org,Sofisticada Infinito,1
markfisher@example.com,Clasica Monumento,3
danny88@example.org,Abstracta Silencio,2
qgregory@example.com,Brillante Materia,2
cameron51@example.com,Sofisticada Concepto,5
jamesross@example.org,Abstraccion Materia,4
stephenslee@example.net,Impactante Monumento,5
jamesross@example.org,Elegante Movimiento,3
jessica04@example.net,Intrincada Tradicion,4
marcmiller@example.net,Monumental Sueno,3
brandonhowe@example.net,Delicada Reflejo,3
gvasquez@example.org,Dinamica Forma,3
julieturner@example.com,Sublime Caracter,3
rlawson@example.com,Dinamica Esencia,5
sestrada@example.net,Delicada Reflejo,3
martinmathews@example.net,Abstraccion Sombra,5
rlawson@example.com,Resplandeciente Inspiracion,1
alexis23@example.org,Visionaria Forma,4
sandy34@example.net,Sublime Caracter,5
williamsmary@example.net,Espiritual Inspiracion,3
imartin@example.org,Contemplativa Identidad,4
fordariel@example.net,Monumental Silencio,2
hullchristopher@example.org,Atemporal Destello,3
imartin@example.org,Delicada Inspiracion,4
lindsayscott@example.com,Dinamica Destello,3
michael58@example.net,Dinamica Horizonte,2
stephen53@example.org,Monumental Silencio,2
peckvickie@example.org,Sublime Movimiento,4
robert41@example.org,Dinamica Horizonte,3
margaretcampbell@example.com,Impactante Inspiracion,2
franklinstephen@example.com,Imponente Destello,2
stran@example.org,Sublime Trazos,2
perkinsmaria@example.net,Radiante Obra,4
stephanieboyd@example.org,Radiante Identidad,5
michaellewis@example.com,Delicada Caracter,3
jessica04@example.net,Radiante Identidad,2
jesse47@example.com,Enigmatica Obra,5
xjohnson@example.org,Dinamica Esencia,1
hullchristopher@example.org,Espiritual Profundidad,1
prattkristin@example.com,Sofisticada Templo,2
kristen24@example.com,Contemplativa Profundidad,5
noah23@example.net,Delicada Inspiracion,2
hullchristopher@example.org,Imponente Destello,1
joseph76@example.net,Vanguardista Figura,2
irwinthomas@example.com,Espiritual Tradicion,1
ubaker@example.net,Sublime Silencio,3
ccampbell@example.org,Impactante Monumento,3
jocelyn24@example.org,Estilizada Silencio,3
hfox@example.org,Abstraccion Forma,5
sestrada@example.net,Visionaria Realidad,2
irwinthomas@example.com,Vanguardista Legado,4
lisa90@example.net,Dinamica Esencia,5
noah23@example.net,Delicada Reflejo,2
ebishop@example.net,Delicada Caracter,5
clynn@example.org,Delicada Caracter,1
martinmathews@example.net,Armonica Movimiento,5
joannepatterson@example.org,Elegante Movimiento,4
owilliams@example.com,Espiritual Trazos,2
micheletanner@example.org,Dinamica Horizonte,5
bryan25@example.net,Sublime Infinito,4
murphyjason@example.com,Monumental Esencia,2
hfox@example.org,Sublime Piedra,4
jamesross@example.org,Espiritual Trazos,2
hannahjohnson@example.com,Atemporal Sueno,1
michaellewis@example.com,Vanguardista Legado,4
allenjohn@example.net,Espiritual Profundidad,3
jacobperez@example.org,Espiritual Trazos,5
morrisonvalerie@example.org,Radiante Identidad,4
clynn@example.org,Imponente Concepto,3
hfox@example.org,Delicada Templo,2
ahansen@example.org,Estilizada Imaginacion,4
haileytorres@example.org,Abstracta Perspectiva,4
sloanjoseph@example.net,Visionaria Forma,1
heatherwright@example.com,Armonica Movimiento,4
hansonlaura@example.net,Abstracta Perspectiva,4
fordariel@example.net,Abstracta Silencio,4
kathrynphillips@example.net,Imponente Destello,1
morrisonvalerie@example.org,Imponente Legado,3
steven36@example.com,Visionaria Imaginacion,1
stran@example.org,Contemplativa Sueno,4
gvasquez@example.org,Eterna Infinito,1
robert41@example.org,Sofisticada Caracter,3
tvargas@example.org,Espiritual Tradicion,1
tyler43@example.org,Dinamica Forma,2
oscar57@example.net,Abstraccion Forma,5
gvasquez@example.org,Abstracta Obra,3
heatherwright@example.com,Abstracta Obra,3
irwinthomas@example.com,Armonica Silencio,3
jacobperez@example.org,Resplandeciente Inspiracion,1
sandy34@example.net,Sofisticada Caracter,1
xjohnson@example.org,Expresiva Sueno,2
martinezjames@example.com,Armonica Templo,1
stran@example.org,Dinamica Forma,5
littlemichael@example.org,Intrincada Tradicion,4
joannepatterson@example.org,Atemporal Sueno,4
irwinthomas@example.com,Armonica Movimiento,2
heatherwright@example.com,Delicada Templo,2
ebishop@example.net,Espiritual Tradicion,4
cameron51@example.com,Sublime Movimiento,3
tvargas@example.org,Dinamica Esencia,3
peckvickie@example.org,Majestuosa Esencia,2
lindsayscott@example.com,Delicada Realidad,5
sestrada@example.net,Espiritual Trazos,5
ywood@example.com,Contemplativa Identidad,3
beverlyevans@example.com,Sofisticada Concepto,2
joseph76@example.net,Estilizada Concepto,2
xjohnson@example.org,Espiritual Profundidad,3
lisa90@example.net,Delicada Templo,1
imartin@example.org,Dinamica Destello,1
ahansen@example.org,Expresiva Sueno,3
martinezjames@example.com,Delicada Inspiracion,2
irwinthomas@example.com,Espiritual Trazos,1
owilliams@example.com,Dinamica Horizonte,5
allenjohn@example.net,Imponente Concepto,3
stephanieboyd@example.org,Clasica Monumento,2
irwinthomas@example.com,Abstracta Perspectiva,5
stephanieboyd@example.org,Visionaria Forma,2
drobbins@example.org,Sofisticada Sombra,2
hullchristopher@example.org,Impactante Inspiracion,4
snyderjacob@example.org,Expresiva Sueno,1
kristen24@example.com,Vanguardista Figura,5
tvargas@example.org,Imponente Forma,4
morrisonvalerie@example.org,Abstracta Obra,3
sloanjoseph@example.net,Delicada Inspiracion,2
crivera@example.org,Delicada Reflejo,1
brandonhowe@example.net,Imponente Figura,3
ywood@example.com,Imponente Legado,5
sandy34@example.net,Armonica Movimiento,3
danny88@example.org,Impactante Monumento,3
michael58@example.net,Estilizada Silencio,4
robert50@example.org,Trascendental Luz,4
qgregory@example.com,Imponente Figura,2
nguyensusan@example.net,Abstraccion Forma,2
stephanieboyd@example.org,Monumental Infinito,3
christopherramirez@example.net,Eterna Horizonte,3
tvargas@example.org,Sublime Piedra,1
fordariel@example.net,Estilizada Esencia,3
drobbins@example.org,Trascendental Luz,1
pamelathomas@example.com,Imponente Legado,4
michael10@example.net,Expresiva Realidad,3
qgregory@example.com,Sublime Piedra,1
sestrada@example.net,Delicada Caracter,3
tannertammy@example.org,Espiritual Tradicion,5
michael58@example.net,Monumental Esencia,2
christopherramirez@example.net,Atemporal Sueno,5
oscar57@example.net,Sublime Trazos,2
stephanieboyd@example.org,Delicada Inspiracion,4
christopherfranklin@example.net,Brillante Materia,4
jacobperez@example.org,Delicada Reflejo,3
jesse47@example.com,Sofisticada Sombra,5
robert50@example.org,Atemporal Destello,1
oscar57@example.net,Espiritual Tradicion,1
sestrada@example.net,Enigmatica Obra,4
robert50@example.org,Monumental Silencio,4
